[   
    {
        "bottlesize":"150 18.7 25 3 300 37.5 50 75",
        "vintage":"2011 2012 2013 2014 2015 2016 2017",
        "brand":"highclass",
        "id": 1,
        "title": "Aliquam id lorem vel nisl blandit dapibus",
        "category":"white wines red wines",
        "price":90,
        "img": "https://wpbingosite.com/wordpress/kowine/wp-content/uploads/2021/05/Product11-450x450.jpg",
        "hoverImg": "https://wpbingosite.com/wordpress/kowine/wp-content/uploads/2021/05/Product17-450x450.jpg"
    },
    {
        "bottlesize":"",
        "vintage":"",
        "brand":"fortress",
        "id": 2,
        "title": "Aliquam quis enim diam commodo leo sed",
        "category":"white wines red wines",
        "price":35,
        "img": "https://wpbingosite.com/wordpress/kowine/wp-content/uploads/2021/05/Product26-450x450.jpg",
        "hoverImg": "https://wpbingosite.com/wordpress/kowine/wp-content/uploads/2021/05/Product13-450x450.jpg"
    },
    {
        "bottlesize":"",
        "vintage":"",
        "brand":"highclass",
        "id": 3,
        "title": "Cras faucibus tortor arcu, id blandit enim",
        "category":"sparkling",
        "price":350,
        "img": "https://wpbingosite.com/wordpress/kowine/wp-content/uploads/2021/05/Product23-450x450.jpg",
        "hoverImg": "https://wpbingosite.com/wordpress/kowine/wp-content/uploads/2021/05/Product9-450x450.jpg"
    },
    {
        "bottlesize":"",
        "vintage":"",
        "brand":"fortress",
        "id": 4,
        "title": "Donec a enim a ipsum lobortis blandit interdum",
        "category":"white wines red wines",
        "price":125,
        "img": "https://wpbingosite.com/wordpress/kowine/wp-content/uploads/2021/05/Product10-450x450.jpg",
        "hoverImg": "https://wpbingosite.com/wordpress/kowine/wp-content/uploads/2021/05/Product26-450x450.jpg"
    },
    {
        "bottlesize":"150 37.5 50 75",
        "vintage":"2011 2012 2013 2014",
        "brand":"fortress",
        "id": 5,
        "title": "Donec faucibus odio felis nec viverra nisi sollicitudin",
        "category":"champagnes",
        "price":60,
        "img": "https://wpbingosite.com/wordpress/kowine/wp-content/uploads/2021/05/Product2-450x450.jpg",
        "hoverImg": "https://wpbingosite.com/wordpress/kowine/wp-content/uploads/2021/05/Product16-450x450.jpg"
    },
    {
        "bottlesize":"",
        "vintage":"",
        "brand":"winery",
        "id": 6,
        "title": "Donec nunc felis, lobortis nec justo a rutrum",
        "category":"rosé wines half bottles",
        "price":120,
        "img": "https://wpbingosite.com/wordpress/kowine/wp-content/uploads/2021/05/Product13-450x450.jpg",
        "hoverImg": "https://wpbingosite.com/wordpress/kowine/wp-content/uploads/2021/05/Product5-450x450.jpg"
    },
    {
        "bottlesize":"",
        "vintage":"",
        "brand":"winehouse",
        "id": 7,
        "title": "Donec tellus eros, porta sit amet leo in convallis",
        "category":"rosé wines sparkling",
        "price":35,
        "img": "https://wpbingosite.com/wordpress/kowine/wp-content/uploads/2021/05/Product12-450x450.jpg",
        "hoverImg": "https://wpbingosite.com/wordpress/kowine/wp-content/uploads/2021/05/Product28-450x450.jpg"
    },
    {
        "bottlesize":"",
        "vintage":"",
        "brand":"winery",
        "id": 8,
        "title": "Etiam commodo leo sed porta varius, morbi vel",
        "category":"champagnes",
        "price":120,
        "img": "https://wpbingosite.com/wordpress/kowine/wp-content/uploads/2021/05/Product6-450x450.jpg",
        "hoverImg": "https://wpbingosite.com/wordpress/kowine/wp-content/uploads/2021/05/Product15-450x450.jpg"
    },
    {
        "bottlesize":"",
        "vintage":"",
        "brand":"",
        "id": 9,
        "title": "In hac habitasse platea dictumst tempor mollis",
        "category":"white wines half bottles red wines",
        "price":214,
        "img": "https://wpbingosite.com/wordpress/kowine/wp-content/uploads/2021/05/Product17-450x450.jpg",
        "hoverImg": "https://wpbingosite.com/wordpress/kowine/wp-content/uploads/2021/05/Product5-450x450.jpg"
    },
    {
        "bottlesize":"",
        "vintage":"",
        "brand":"fortress",
        "id": 10,
        "title": "In hac habitasse platea dictumst tempor vet",
        "category":"red wines sparkling",
        "price":100,
        "img": "https://wpbingosite.com/wordpress/kowine/wp-content/uploads/2018/10/Wine-01-01-450x450.jpg",
        "hoverImg": "https://wpbingosite.com/wordpress/kowine/wp-content/uploads/2018/10/Wine-01-03-450x450.jpg"
    },
    {
        "bottlesize":"",
        "vintage":"",
        "brand":"",
        "id": 11,
        "title": "In ut nibh id purus consequat viverra congue sit",
        "category":"rosé wines sparkling",
        "price":200,
        "img": "https://wpbingosite.com/wordpress/kowine/wp-content/uploads/2021/05/Product26-450x450.jpg",
        "hoverImg": "https://wpbingosite.com/wordpress/kowine/wp-content/uploads/2021/05/Product6-450x450.jpg"
    },
    {
        "bottlesize":"",
        "vintage":"",
        "brand":"fortress",
        "id": 12,
        "title": "Morbi vel arcu scelerisque, facilisis elit vitae",
        "category":"white wines half bottles",
        "price":40,
        "img": "https://wpbingosite.com/wordpress/kowine/wp-content/uploads/2021/05/Product27-450x450.jpg",
        "hoverImg": "https://wpbingosite.com/wordpress/kowine/wp-content/uploads/2021/05/Product11-450x450.jpg"
    },
    {
        "bottlesize":"25 3 300 37.5 50 75",
        "vintage":"2011 2012 2013 2014 2015",
        "brand":"",
        "id": 13,
        "title": "Nam justo libero porta eget aliquet eget, consequat",
        "category":"champagnes",
        "price":80,
        "img": "https://wpbingosite.com/wordpress/kowine/wp-content/uploads/2021/05/Product3-450x450.jpg",
        "hoverImg": "https://wpbingosite.com/wordpress/kowine/wp-content/uploads/2021/05/Product13-450x450.jpg"
    },
    {
        "bottlesize":"",
        "vintage":"",
        "brand":"",
        "id": 14,
        "title": "Nteger vel enim eu turpis iaculis faucibus vel vitae",
        "category":"red wines half bottles",
        "price":150,
        "img": "https://wpbingosite.com/wordpress/kowine/wp-content/uploads/2021/05/Product7-450x450.jpg",
        "hoverImg": "https://wpbingosite.com/wordpress/kowine/wp-content/uploads/2021/05/Product17-450x450.jpg"
    },
    {
        "bottlesize":"",
        "vintage":"",
        "brand":"fortress",
        "id": 15,
        "title": "Nunc at tristique nulla ac sagittis nulla",
        "category":"white wines half bottles red wines rosé wines",
        "price":214,
        "img": "https://wpbingosite.com/wordpress/kowine/wp-content/uploads/2021/05/Product15-450x450.jpg",
        "hoverImg": "https://wpbingosite.com/wordpress/kowine/wp-content/uploads/2021/05/Product4-450x450.jpg"
    },
    {
        "bottlesize":"",
        "vintage":"2012 2013 2014 2015",
        "brand":"premium",
        "id": 16,
        "title": "Nunc nibh elit, mollis nec ornare vel elit",
        "category":"rosé wines sparkling",
        "price":40,
        "img": "https://wpbingosite.com/wordpress/kowine/wp-content/uploads/2021/05/Product25-450x450.jpg",
        "hoverImg": "https://wpbingosite.com/wordpress/kowine/wp-content/uploads/2021/05/Product3-450x450.jpg"
    },
    {
        "bottlesize":"",
        "vintage":"",
        "brand":"fortress",
        "id": 17,
        "title": "Pellentesque scelerisque ex id mauris convallis aliquam",
        "category":"champagnes",
        "price":100,
        "img": "https://wpbingosite.com/wordpress/kowine/wp-content/uploads/2021/05/Product5-450x450.jpg",
        "hoverImg": "https://wpbingosite.com/wordpress/kowine/wp-content/uploads/2021/05/Product16-450x450.jpg"
    },
    {
        "bottlesize":"150 18.7 25 3 300 37.5 50 75",
        "vintage":"",
        "brand":"premium",
        "id": 18,
        "title": "Phasellus rhoncus vulputate eros, ac ultrices magna",
        "category":"rosé wines half bottles red wines",
        "price":180,
        "img": "https://wpbingosite.com/wordpress/kowine/wp-content/uploads/2021/05/Product18-450x450.jpg",
        "hoverImg": "https://wpbingosite.com/wordpress/kowine/wp-content/uploads/2021/05/Product20-450x450.jpg"
    },
    {
        "bottlesize":"",
        "vintage":"",
        "brand":"",
        "id": 19,
        "title": "Proin malesuada ligula et arcu tincidunt bibendum",
        "category":"white wines half bottles rosé wines",
        "price":250,
        "img": "https://wpbingosite.com/wordpress/kowine/wp-content/uploads/2021/05/Product16-450x450.jpg",
        "hoverImg": "https://wpbingosite.com/wordpress/kowine/wp-content/uploads/2021/05/Product11-450x450.jpg"
    },
    {
        "bottlesize":"",
        "vintage":"",
        "brand":"winehouse",
        "id": 20,
        "title": "Quisque eget eros sit amet neque tincidunt",
        "category":"white wines half bottles",
        "price":350,
        "img": "https://wpbingosite.com/wordpress/kowine/wp-content/uploads/2021/05/Product24-450x450.jpg",
        "hoverImg": "https://wpbingosite.com/wordpress/kowine/wp-content/uploads/2021/05/Product14-450x450.jpg"
    },
    {
        "bottlesize":"",
        "vintage":"",
        "brand":"premium",
        "id": 21,
        "title": "Sed aliquam viverra consectetur auctor laoreet erat",
        "category":"red wines half bottles",
        "price":90,
        "img": "https://wpbingosite.com/wordpress/kowine/wp-content/uploads/2021/05/Product14-450x450.jpg",
        "hoverImg": "https://wpbingosite.com/wordpress/kowine/wp-content/uploads/2021/05/Product27-450x450.jpg"
    },
    {
        "bottlesize":"",
        "vintage":"",
        "brand":"highclass",
        "id": 22,
        "title": "Sed dolor tellus rhoncus viverra aliquam egestas",
        "category":"red wines",
        "price":350,
        "img": "https://wpbingosite.com/wordpress/kowine/wp-content/uploads/2021/05/Product22-450x450.jpg",
        "hoverImg": "https://wpbingosite.com/wordpress/kowine/wp-content/uploads/2021/05/Product15-450x450.jpg"
    },
    {
        "bottlesize":"150 18.7 25 3 300 37.5 50 75",
        "vintage":"2011 2012 2013 2014 2015 2016 2017",
        "brand":"highclass",
        "id": 23,
        "title": "Sed porttitor diam mi tempus suscipit dolor",
        "category":"champagnes",
        "price":120,
        "img": "https://wpbingosite.com/wordpress/kowine/wp-content/uploads/2021/05/Product1-450x450.jpg",
        "hoverImg": "https://wpbingosite.com/wordpress/kowine/wp-content/uploads/2021/05/Product2-450x450.jpg"
    },
    {
        "bottlesize":"150 18.7 25 3 300",
        "vintage":"2011 2012 2013 2014",
        "brand":"winehouse",
        "id": 24,
        "title": "Sed vel metus eu mi commodo mollis vitae",
        "category":"rosé wines half bottles red wines",
        "price":30,
        "img": "https://wpbingosite.com/wordpress/kowine/wp-content/uploads/2021/05/Product20-450x450.jpg",
        "hoverImg": "https://wpbingosite.com/wordpress/kowine/wp-content/uploads/2021/05/Product8-450x450.jpg"
    },
    {
        "bottlesize":"",
        "vintage":"",
        "brand":"",
        "id": 25,
        "title": "Senean a turpis fermentum, accumsan urna a",
        "category":"white wines red wines",
        "price":200,
        "img": "https://wpbingosite.com/wordpress/kowine/wp-content/uploads/2021/05/Product28-450x450.jpg",
        "hoverImg": "https://wpbingosite.com/wordpress/kowine/wp-content/uploads/2021/05/Product16-450x450.jpg"
    },
    {
        "bottlesize":"",
        "vintage":"",
        "brand":"fortress",
        "id": 26,
        "title": "Suspendisse eu mauris dapibus gravida enim vel",
        "category":"rosé wines sparkling",
        "price":180,
        "img": "https://wpbingosite.com/wordpress/kowine/wp-content/uploads/2021/05/Product21-450x450.jpg",
        "hoverImg": "https://wpbingosite.com/wordpress/kowine/wp-content/uploads/2021/05/Product1-450x450.jpg"
    },
    {
        "bottlesize":"",
        "vintage":"",
        "brand":"",
        "id": 27,
        "title": "Suspendisse eu mauris dapibus, gravida enim vel",
        "category":"champagnes",
        "price":135,
        "img": "https://wpbingosite.com/wordpress/kowine/wp-content/uploads/2021/05/Product4-450x450.jpg",
        "hoverImg": "https://wpbingosite.com/wordpress/kowine/wp-content/uploads/2021/05/Product25-450x450.jpg"
    },
    {
        "bottlesize":"",
        "vintage":"",
        "brand":"",
        "id": 28,
        "title": "Ut eu lacus fringilla tempor tellus nec, consequat quam",
        "category":"red wines half bottles",
        "price":200,
        "img": "https://wpbingosite.com/wordpress/kowine/wp-content/uploads/2021/05/Product9-450x450.jpg",
        "hoverImg": "https://wpbingosite.com/wordpress/kowine/wp-content/uploads/2021/05/Product24-450x450.jpg"
    },
    {
        "bottlesize":"150 18.7 25 3 300 37.5 50 75",
        "vintage":"2011 2012 2013 2014 2015 2016 2017",
        "brand":"",
        "id": 29,
        "title": "Ut rhoncus venenatis justo, eu vulputate nunc",
        "category":"half bottles",
        "price":120,
        "img": "https://wpbingosite.com/wordpress/kowine/wp-content/uploads/2021/05/Product8-450x450.jpg",
        "hoverImg": "https://wpbingosite.com/wordpress/kowine/wp-content/uploads/2021/05/Product10-450x450.jpg"
    }
    
]